{
  "biased_test_accuracy": 0.9936,
  "unbiased_test_accuracy": 0.9315,
  "accuracy_drop": 0.062100000000000044,
  "train_losses": [
    0.4435252447783947,
    0.10333411671221256,
    0.07105437461634477,
    0.05366603415111701,
    0.04328717370778322,
    0.03669584331785639,
    0.03147161320472757,
    0.027007241229464612,
    0.02343496401111285,
    0.022959887756283083,
    0.020414036008777718,
    0.01886388437083612,
    0.016914149806648494,
    0.014119764891515176,
    0.013355285648132363
  ],
  "val_losses": [
    0.1260373916387558,
    0.06977953553497791,
    0.06946023583635688,
    0.05600979402698576,
    0.03993675352632999,
    0.03380831097271293,
    0.04071672597993165,
    0.027912484352104364,
    0.03177096417918801,
    0.030081375438161195,
    0.025487496257154272,
    0.019937395180622115,
    0.027819270486035386,
    0.019868925810517975,
    0.018317096880916504
  ],
  "train_accs": [
    0.8895666666666666,
    0.97175,
    0.9792,
    0.98435,
    0.9868833333333333,
    0.9893666666666666,
    0.9908,
    0.9917,
    0.99265,
    0.99315,
    0.9936666666666667,
    0.9943,
    0.9945833333333334,
    0.9956166666666667,
    0.9957833333333334
  ],
  "val_accs": [
    0.9679,
    0.9799,
    0.9791,
    0.9845,
    0.988,
    0.9901,
    0.9888,
    0.9922,
    0.9903,
    0.9921,
    0.9921,
    0.9947,
    0.9919,
    0.9941,
    0.9936
  ],
  "total_params": 25178,
  "epochs": 15
}