{
  "test_accuracy": 0.9897,
  "test_loss": 0.03413086245174636,
  "train_losses": [
    0.3915989281888361,
    0.09568676507252234,
    0.06883436350469237,
    0.05490643719500966,
    0.04709556395588098,
    0.03897816786473548,
    0.03434447134093002,
    0.030624122947592425,
    0.028644948785503704,
    0.023864082402239244,
    0.021155097836697542,
    0.0189661023657493,
    0.018450153312266425,
    0.01715001180443775,
    0.014520223632454872
  ],
  "val_losses": [
    0.12794198489189149,
    0.09052422078450521,
    0.06941079221169154,
    0.05540637602408727,
    0.05688617121179899,
    0.06273762160539627,
    0.050389941136042275,
    0.04519370480875174,
    0.04428404808541139,
    0.048644263635079066,
    0.04397420327862104,
    0.04837183217704296,
    0.0448414329563578,
    0.039505720995366575,
    0.04471294776101907
  ],
  "train_accs": [
    0.8803333333333333,
    0.9700185185185185,
    0.9781296296296297,
    0.9827037037037037,
    0.9853148148148149,
    0.9876111111111111,
    0.9888888888888889,
    0.9899074074074075,
    0.9908333333333333,
    0.9922222222222222,
    0.9930925925925926,
    0.9940925925925926,
    0.9938148148148148,
    0.9943703703703703,
    0.995462962962963
  ],
  "val_accs": [
    0.9626666666666667,
    0.9718333333333333,
    0.978,
    0.9835,
    0.9825,
    0.9815,
    0.9846666666666667,
    0.9853333333333333,
    0.9878333333333333,
    0.9881666666666666,
    0.9868333333333333,
    0.9856666666666667,
    0.988,
    0.9888333333333333,
    0.9883333333333333
  ],
  "total_params": 25034,
  "epochs": 15
}