{
  "test_accuracy": 0.94725,
  "test_loss": 0.15897693899273874,
  "trainable_params": 5130,
  "total_params": 11181642,
  "train_losses": [
    1.0232764811515809,
    0.34401524138450623,
    0.24992545926570892,
    0.21438544189929962,
    0.1888283587694168,
    0.16451582670211792,
    0.14851432514190674,
    0.13546278178691865,
    0.12962380164861678,
    0.12698512411117555,
    0.11785249042510987,
    0.10997842717170715,
    0.10177282840013505,
    0.1013667476773262,
    0.10210913562774658
  ],
  "val_losses": [
    0.43663960409164426,
    0.30023032748699185,
    0.24568400800228118,
    0.2155476078391075,
    0.21538439220190048,
    0.20352306324243546,
    0.1907655127644539,
    0.19086213448643685,
    0.18458018678426744,
    0.19383217632770539,
    0.1739280304610729,
    0.19407078343629838,
    0.18551576653122903,
    0.19867352283000947,
    0.16910637697577477
  ],
  "train_accs": [
    0.7485,
    0.92925,
    0.94225,
    0.944,
    0.94825,
    0.95275,
    0.9585,
    0.96525,
    0.96425,
    0.96275,
    0.9635,
    0.96925,
    0.97275,
    0.9715,
    0.96975
  ],
  "val_accs": [
    0.915,
    0.932,
    0.939,
    0.936,
    0.933,
    0.938,
    0.946,
    0.935,
    0.944,
    0.936,
    0.939,
    0.937,
    0.943,
    0.942,
    0.946
  ],
  "epochs": 15
}